100 Rounds, Wins,
1, 0.380000,
2, 0.500000,
3, 0.500000,
4, 0.670000,
5, 0.580000,
6, 0.610000,
7, 0.690000,
8, 0.710000,
9, 0.680000,
10, 0.640000,
11, 0.610000,
12, 0.710000,
13, 0.660000,
14, 0.650000,
15, 0.700000,
16, 0.720000,
17, 0.750000,
18, 0.620000,
19, 0.660000,
