per Round, AccumReward,
1, 0.000000,
2, 0.200000,
3, 0.200000,
4, 0.000000,
5, 0.200000,
6, 0.200000,
7, 0.200000,
8, 0.200000,
9, 0.200000,
10, 0.200000,
11, 0.200000,
12, 0.200000,
13, 0.000000,
14, 0.200000,
15, 0.200000,
16, 0.000000,
17, 0.200000,
18, 0.200000,
19, 0.200000,
