100 Rounds, Wins,
1, 0.970000,
2, 0.990000,
3, 0.950000,
4, 0.970000,
5, 0.960000,
6, 0.990000,
7, 1.000000,
8, 0.990000,
9, 0.990000,
10, 0.970000,
11, 0.980000,
12, 0.970000,
13, 0.980000,
14, 0.990000,
15, 0.970000,
16, 0.980000,
17, 1.000000,
18, 0.970000,
19, 0.990000,
