100 Rounds, Wins,
1, 0.010000,
2, 0.000000,
3, 0.010000,
4, 0.020000,
5, 0.000000,
6, 0.020000,
7, 0.040000,
8, 0.010000,
9, 0.020000,
