100 Rounds, Wins,
1, 0.530000,
2, 0.420000,
