100 Rounds, Wins,
1, 0.590000,
2, 0.540000,
3, 0.480000,
4, 0.590000,
5, 0.530000,
6, 0.490000,
7, 0.450000,
8, 0.590000,
9, 0.560000,
10, 0.500000,
11, 0.530000,
12, 0.550000,
13, 0.500000,
14, 0.510000,
15, 0.610000,
16, 0.490000,
17, 0.560000,
18, 0.560000,
19, 0.550000,
20, 0.640000,
21, 0.650000,
22, 0.490000,
23, 0.590000,
24, 0.580000,
25, 0.520000,
26, 0.600000,
27, 0.550000,
28, 0.490000,
