100 Rounds, Wins,
1, 0.000000,
2, 0.010000,
3, 0.010000,
4, 0.000000,
5, 0.010000,
6, 0.000000,
7, 0.000000,
8, 0.000000,
9, 0.020000,
10, 0.010000,
11, 0.000000,
12, 0.000000,
13, 0.000000,
14, 0.010000,
15, 0.010000,
16, 0.000000,
17, 0.010000,
18, 0.000000,
19, 0.000000,
