100 Rounds, Wins,
1, 0.940000,
2, 0.800000,
3, 0.820000,
4, 0.820000,
5, 0.820000,
6, 0.820000,
7, 0.740000,
8, 0.940000,
9, 0.920000,
10, 0.900000,
11, 0.940000,
12, 0.900000,
13, 0.880000,
14, 0.840000,
15, 0.960000,
16, 0.980000,
17, 0.900000,
18, 0.900000,
19, 0.700000,
