100 Rounds, Wins,
1, 0.620000,
2, 0.600000,
3, 0.570000,
4, 0.630000,
5, 0.540000,
6, 0.570000,
7, 0.510000,
8, 0.520000,
9, 0.530000,
10, 0.700000,
11, 0.650000,
12, 0.540000,
13, 0.610000,
14, 0.690000,
15, 0.650000,
16, 0.590000,
17, 0.590000,
18, 0.560000,
19, 0.600000,
20, 0.590000,
21, 0.630000,
22, 0.590000,
23, 0.570000,
24, 0.620000,
25, 0.630000,
26, 0.580000,
27, 0.560000,
28, 0.480000,
29, 0.590000,
