100 Rounds, Wins,
1, 0.260000,
2, 0.290000,
3, 0.270000,
4, 0.270000,
5, 0.240000,
6, 0.300000,
7, 0.360000,
8, 0.350000,
9, 0.290000,
10, 0.250000,
11, 0.290000,
12, 0.240000,
13, 0.290000,
14, 0.280000,
15, 0.370000,
16, 0.380000,
17, 0.340000,
18, 0.340000,
