100 Rounds, Wins,
1, 0.870000,
2, 0.820000,
3, 0.820000,
4, 0.840000,
5, 0.910000,
6, 0.920000,
7, 0.860000,
8, 0.970000,
9, 0.900000,
