100 Rounds, Wins,
1, 0.020000,
2, 0.030000,
3, 0.030000,
4, 0.010000,
5, 0.010000,
6, 0.030000,
7, 0.000000,
8, 0.030000,
9, 0.060000,
10, 0.040000,
11, 0.030000,
12, 0.000000,
13, 0.030000,
14, 0.020000,
15, 0.030000,
16, 0.000000,
17, 0.010000,
18, 0.000000,
19, 0.030000,
