100 Rounds, Wins,
1, 0.080000,
2, 0.020000,
3, 0.060000,
4, 0.030000,
5, 0.020000,
6, 0.030000,
7, 0.010000,
8, 0.040000,
9, 0.020000,
