100 Rounds, Wins,
1, 0.500000,
2, 0.730000,
3, 0.690000,
4, 0.720000,
5, 0.690000,
6, 0.640000,
7, 0.710000,
8, 0.750000,
9, 0.650000,
10, 0.650000,
11, 0.790000,
12, 0.700000,
13, 0.760000,
14, 0.730000,
15, 0.720000,
16, 0.700000,
17, 0.710000,
18, 0.750000,
19, 0.790000,
